{
  "model_id": "unsloth/Llama-3.2-1B-Instruct",
  "dataset": {
    "name": "wikitext",
    "config": "wikitext-2-raw-v1",
    "split": "test",
    "max_eval_tokens": 4096
  },
  "linear_config": {
    "include_lm_head": false,
    "block_m": null,
    "block_n": null,
    "block_k": null,
    "num_warps": null,
    "num_stages": null
  },
  "baseline": {
    "perplexity": {
      "sequence_length": 512,
      "forward_tokens": 4096,
      "predicted_tokens": 4088,
      "time_s": 0.5852520763874054,
      "forward_tokens_per_s": 6998.693665955776,
      "predicted_tokens_per_s": 6985.024342389456,
      "mean_nll": 2.985210955142975,
      "perplexity": 19.790676741079718
    }
  },
  "quantized": {
    "quantization": {
      "time_s": 1.2863058429211378,
      "replaced_modules": 112,
      "skipped_modules": 1,
      "original_weight_MiB": 1856.0,
      "quantized_weight_MiB": 465.4375,
      "compression_ratio": 3.987646031959178,
      "skip_module_names": [
        "lm_head"
      ]
    },
    "perplexity": {
      "sequence_length": 512,
      "forward_tokens": 4096,
      "predicted_tokens": 4088,
      "time_s": 3.3340974748134613,
      "forward_tokens_per_s": 1228.5183714459836,
      "predicted_tokens_per_s": 1226.1189215017532,
      "mean_nll": 3.8402350544929504,
      "perplexity": 46.536411746974174
    }
  },
  "comparison": {
    "ppl_delta": 26.745735005894456,
    "ppl_ratio": 2.3514310478518428,
    "eval_time_ratio_quantized_over_baseline": 5.6968571481094035,
    "forward_tokens_per_s_ratio": 0.1755353827560634
  }
}